driver_id,driver_name,city,vehicle_type,rating,status
D101,Anjali,Delhi,Sedan,3.8,Active
D102,Ravi,Bangalore,Sedan,3.1,Active
D103,Vikram,Mumbai,Hatchback,4.5,Active
D104,Ravi,Delhi,Hatchback,3.3,Active
D105,Pooja,Bangalore,SUV,4.3,Active
D106,Priya,Delhi,SUV,4.3,Active
D107,Pooja,Mumbai,Sedan,4.9,Active
D108,Amit,Delhi,Hatchback,4.4,Inactive
D109,Karan,Delhi,SUV,4.1,Active
D110,Ravi,Bangalore,SUV,3.9,Inactive
D111,Vikram,Delhi,SUV,3.9,Inactive
D112,Suresh,Bangalore,Hatchback,4.9,Active
D113,Rahul,Delhi,Hatchback,3.2,Active
D114,Ravi,Bangalore,SUV,4.6,Active
D115,Rahul,Bangalore,SUV,4.3,Active
D116,Pooja,Bangalore,SUV,4.6,Active
D117,Amit,Delhi,Sedan,3.6,Active
D118,Rahul,Bangalore,SUV,4.1,Active
D119,Vikram,Mumbai,Sedan,3.8,Active
D120,Ravi,Delhi,Hatchback,4.4,Inactive
D121,Vikram,Bangalore,Sedan,4.6,Active
D122,Suresh,Bangalore,Hatchback,4.1,Active
D123,Anjali,Bangalore,Hatchback,3.0,Active
D124,Priya,Delhi,SUV,4.2,Active
D125,Amit,Delhi,SUV,3.1,Active
D126,Anjali,Mumbai,Sedan,4.1,Inactive
D127,Pooja,Mumbai,SUV,3.1,Inactive
D128,Priya,Mumbai,Hatchback,3.6,Active
D129,Anjali,Delhi,Sedan,3.9,Active
D130,Karan,Delhi,Hatchback,4.5,Active
D131,Suresh,Delhi,Hatchback,4.6,Active
D132,Ravi,Delhi,SUV,3.9,Active
D133,Pooja,Bangalore,Hatchback,4.0,Active
D134,Suresh,Mumbai,Hatchback,4.7,Inactive
D135,Neha,Mumbai,Hatchback,4.1,Active
D136,Neha,Mumbai,SUV,3.5,Active
D137,Vikram,Delhi,Hatchback,3.5,Inactive
D138,Rahul,Bangalore,Sedan,4.5,Active
D139,Suresh,Mumbai,Sedan,3.6,Active
D140,Vikram,Mumbai,Sedan,3.6,Active
D141,Rahul,Mumbai,Sedan,4.9,Active
D142,Rahul,Mumbai,SUV,4.2,Inactive
D143,Neha,Mumbai,Hatchback,4.1,Active
D144,Karan,Mumbai,SUV,3.7,Inactive
D145,Neha,Delhi,SUV,4.1,Active
D146,Ravi,Delhi,Sedan,4.2,Active
D147,Ravi,Bangalore,Hatchback,3.2,Inactive
D148,Amit,Bangalore,Sedan,3.3,Inactive
D149,Amit,Mumbai,Hatchback,4.5,Active
D150,Anjali,Mumbai,Sedan,4.2,Inactive
D151,Anjali,Delhi,SUV,4.1,Active
D152,Suresh,Bangalore,SUV,4.3,Active
D153,Suresh,Mumbai,SUV,5.0,Active
D154,Suresh,Delhi,SUV,3.6,Active
D155,Neha,Mumbai,Hatchback,4.8,Active
D156,Pooja,Delhi,SUV,3.5,Active
D157,Priya,Bangalore,Hatchback,4.1,Active
D158,Pooja,Bangalore,SUV,4.3,Active
D159,Anjali,Delhi,SUV,3.4,Active
D160,Karan,Delhi,SUV,4.5,Active
D161,Priya,Bangalore,Sedan,3.1,Active
D162,Suresh,Delhi,Sedan,4.8,Active
D163,Suresh,Mumbai,SUV,3.7,Active
D164,Priya,Mumbai,SUV,3.2,Active
D165,Pooja,Bangalore,Sedan,3.6,Active
D166,Rahul,Delhi,Hatchback,4.1,Inactive
D167,Rahul,Bangalore,SUV,3.4,Active
D168,Karan,Delhi,Hatchback,3.7,Inactive
D169,Neha,Delhi,Sedan,4.7,Inactive
D170,Vikram,Delhi,SUV,3.1,Active
D171,Pooja,Delhi,Sedan,3.9,Inactive
D172,Suresh,Bangalore,Hatchback,4.4,Active
D173,Rahul,Mumbai,Hatchback,4.4,Active
D174,Ravi,Mumbai,SUV,4.6,Active
D175,Suresh,Mumbai,SUV,4.7,Active
D176,Vikram,Delhi,SUV,3.1,Active
D177,Ravi,Mumbai,Hatchback,3.9,Active
D178,Rahul,Mumbai,Sedan,4.9,Inactive
D179,Karan,Bangalore,Hatchback,4.4,Inactive
D180,Amit,Bangalore,Sedan,3.4,Inactive
D181,Pooja,Delhi,Sedan,4.0,Active
D182,Rahul,Bangalore,SUV,4.9,Active
D183,Neha,Mumbai,SUV,3.6,Active
D184,Suresh,Mumbai,Sedan,4.0,Active
D185,Neha,Bangalore,Hatchback,4.2,Inactive
D186,Pooja,Delhi,SUV,4.6,Active
D187,Vikram,Bangalore,SUV,3.4,Inactive
D188,Anjali,Delhi,Sedan,4.3,Active
D189,Ravi,Delhi,Sedan,3.5,Active
D190,Karan,Mumbai,Hatchback,3.8,Active
D191,Amit,Bangalore,Sedan,3.3,Active
D192,Priya,Delhi,Sedan,3.2,Inactive
D193,Rahul,Mumbai,SUV,3.3,Active
D194,Ravi,Mumbai,Sedan,4.2,Active
D195,Ravi,Delhi,Sedan,3.2,Active
D196,Neha,Delhi,Hatchback,4.5,Active
D197,Priya,Delhi,SUV,4.1,Active
D198,Priya,Delhi,Sedan,4.4,Active
D199,Suresh,Bangalore,Hatchback,3.5,Active
D200,Pooja,Mumbai,Hatchback,3.2,Inactive
D201,Amit,Delhi,Sedan,4.8,Inactive
D202,Karan,Bangalore,SUV,4.2,Active
D203,Karan,Mumbai,Hatchback,4.2,Active
D204,Suresh,Bangalore,Sedan,4.2,Active
D205,Ravi,Bangalore,Sedan,3.4,Active
D206,Pooja,Bangalore,Sedan,4.6,Inactive
D207,Karan,Delhi,SUV,4.8,Active
D208,Priya,Mumbai,Sedan,4.5,Active
D209,Vikram,Bangalore,Hatchback,4.8,Active
D210,Priya,Mumbai,SUV,4.9,Active
D211,Rahul,Delhi,Hatchback,4.9,Inactive
D212,Anjali,Bangalore,SUV,3.2,Active
D213,Pooja,Mumbai,Sedan,4.9,Active
D214,Rahul,Mumbai,Sedan,4.4,Active
D215,Rahul,Delhi,Sedan,4.4,Active
D216,Anjali,Mumbai,Hatchback,3.4,Active
D217,Amit,Delhi,Hatchback,4.3,Active
D218,Suresh,Mumbai,SUV,4.3,Active
D219,Anjali,Bangalore,Sedan,4.4,Active
D220,Karan,Delhi,SUV,4.4,Active
D221,Pooja,Bangalore,SUV,4.2,Active
D222,Priya,Bangalore,Sedan,3.7,Active
D223,Vikram,Delhi,Sedan,4.1,Active
D224,Suresh,Mumbai,Hatchback,3.4,Active
D225,Anjali,Mumbai,SUV,3.4,Active
D226,Ravi,Delhi,Hatchback,4.8,Active
D227,Priya,Mumbai,Sedan,5.0,Active
D228,Ravi,Mumbai,Hatchback,3.5,Active
D229,Amit,Delhi,SUV,4.5,Active
D230,Rahul,Bangalore,Hatchback,3.2,Active
D231,Ravi,Mumbai,Sedan,3.6,Active
D232,Vikram,Delhi,SUV,4.3,Active
D233,Amit,Delhi,Hatchback,4.9,Active
D234,Anjali,Delhi,Sedan,3.1,Active
D235,Ravi,Delhi,Hatchback,4.5,Active
D236,Ravi,Mumbai,Hatchback,4.0,Active
D237,Vikram,Bangalore,SUV,3.7,Inactive
D238,Ravi,Delhi,Sedan,3.3,Active
D239,Priya,Delhi,Sedan,4.6,Inactive
D240,Karan,Bangalore,Hatchback,4.4,Active
D241,Rahul,Delhi,Sedan,3.2,Active
D242,Priya,Bangalore,SUV,4.1,Active
D243,Karan,Delhi,Sedan,4.1,Inactive
D244,Amit,Mumbai,Hatchback,4.9,Active
D245,Vikram,Bangalore,Sedan,3.3,Inactive
D246,Priya,Bangalore,SUV,4.1,Active
D247,Pooja,Bangalore,Hatchback,4.9,Active
D248,Amit,Bangalore,Sedan,5.0,Inactive
D249,Suresh,Bangalore,SUV,3.4,Active
D250,Anjali,Mumbai,Hatchback,4.8,Active
D251,Pooja,Bangalore,Sedan,4.9,Active
D252,Ravi,Bangalore,Hatchback,4.2,Inactive
D253,Amit,Bangalore,Sedan,3.4,Active
D254,Neha,Bangalore,Hatchback,3.1,Active
D255,Ravi,Mumbai,SUV,5.0,Active
D256,Vikram,Mumbai,Sedan,3.3,Inactive
D257,Pooja,Delhi,Hatchback,4.3,Active
D258,Rahul,Delhi,Hatchback,4.4,Active
D259,Rahul,Mumbai,Sedan,3.0,Active
D260,Pooja,Mumbai,SUV,3.3,Active
D261,Pooja,Delhi,Hatchback,4.7,Active
D262,Neha,Delhi,Hatchback,4.1,Inactive
D263,Pooja,Delhi,Sedan,4.0,Active
D264,Ravi,Mumbai,SUV,4.0,Inactive
D265,Karan,Mumbai,SUV,4.1,Active
D266,Neha,Mumbai,Sedan,3.8,Active
D267,Neha,Bangalore,Hatchback,4.9,Inactive
D268,Priya,Delhi,SUV,4.2,Active
D269,Neha,Mumbai,SUV,3.6,Active
D270,Neha,Bangalore,Sedan,4.5,Active
D271,Vikram,Delhi,Hatchback,4.9,Active
D272,Neha,Bangalore,Sedan,4.8,Active
D273,Amit,Delhi,SUV,3.1,Inactive
D274,Vikram,Delhi,Sedan,4.9,Active
D275,Rahul,Delhi,Hatchback,4.0,Active
D276,Neha,Mumbai,Hatchback,3.3,Active
D277,Karan,Mumbai,SUV,4.9,Active
D278,Ravi,Delhi,Hatchback,5.0,Active
D279,Suresh,Bangalore,Sedan,3.4,Active
D280,Priya,Mumbai,Hatchback,3.6,Active
D281,Pooja,Mumbai,Hatchback,4.9,Inactive
D282,Amit,Mumbai,SUV,3.8,Active
D283,Neha,Bangalore,Hatchback,4.8,Active
D284,Anjali,Bangalore,SUV,4.3,Active
D285,Ravi,Bangalore,SUV,4.1,Active
D286,Anjali,Delhi,Hatchback,3.9,Active
D287,Ravi,Bangalore,SUV,4.9,Active
D288,Ravi,Mumbai,SUV,4.2,Active
D289,Neha,Delhi,Sedan,3.2,Active
D290,Amit,Bangalore,SUV,5.0,Inactive
D291,Anjali,Bangalore,Sedan,5.0,Active
D292,Vikram,Bangalore,Sedan,4.6,Active
D293,Vikram,Bangalore,Sedan,4.0,Active
D294,Vikram,Delhi,Sedan,4.7,Active
D295,Priya,Mumbai,SUV,4.2,Inactive
D296,Amit,Bangalore,Hatchback,3.0,Active
D297,Priya,Delhi,Sedan,4.7,Inactive
D298,Vikram,Mumbai,Sedan,5.0,Active
D299,Amit,Mumbai,Sedan,4.3,Active
D300,Rahul,Mumbai,Sedan,3.9,Active
D301,Priya,Delhi,Sedan,3.8,Active
D302,Priya,Bangalore,Sedan,3.8,Active
D303,Pooja,Delhi,Hatchback,4.8,Active
D304,Pooja,Mumbai,Sedan,4.6,Active
D305,Vikram,Delhi,Hatchback,4.4,Inactive
D306,Karan,Delhi,Hatchback,5.0,Inactive
D307,Karan,Mumbai,SUV,4.3,Active
D308,Pooja,Delhi,Hatchback,4.8,Active
D309,Ravi,Mumbai,Hatchback,3.6,Active
D310,Ravi,Delhi,Hatchback,4.0,Inactive
D311,Karan,Bangalore,Hatchback,5.0,Active
D312,Karan,Delhi,Sedan,3.1,Inactive
D313,Priya,Delhi,Sedan,4.4,Inactive
D314,Suresh,Mumbai,Hatchback,3.1,Active
D315,Suresh,Mumbai,Sedan,3.0,Active
D316,Anjali,Bangalore,SUV,3.1,Active
D317,Ravi,Delhi,Sedan,4.0,Active
D318,Neha,Bangalore,Hatchback,3.3,Active
D319,Amit,Mumbai,Sedan,3.3,Active
D320,Suresh,Mumbai,Hatchback,4.1,Active
D321,Pooja,Mumbai,SUV,4.7,Active
D322,Neha,Bangalore,Hatchback,3.5,Inactive
D323,Karan,Bangalore,SUV,4.1,Active
D324,Amit,Mumbai,Hatchback,4.8,Active
D325,Priya,Bangalore,SUV,3.9,Active
D326,Anjali,Mumbai,SUV,3.4,Inactive
D327,Rahul,Bangalore,Sedan,4.6,Active
D328,Vikram,Delhi,SUV,3.1,Active
D329,Anjali,Delhi,Sedan,3.3,Active
D330,Neha,Delhi,Sedan,3.3,Active
D331,Rahul,Bangalore,Sedan,4.5,Active
D332,Priya,Mumbai,SUV,4.4,Active
D333,Karan,Delhi,Hatchback,3.4,Active
D334,Suresh,Mumbai,SUV,4.2,Inactive
D335,Amit,Delhi,Hatchback,3.2,Inactive
D336,Anjali,Delhi,Sedan,3.6,Active
D337,Rahul,Delhi,Hatchback,3.2,Inactive
D338,Neha,Delhi,Hatchback,4.5,Active
D339,Vikram,Bangalore,SUV,3.9,Inactive
D340,Priya,Mumbai,Sedan,3.3,Inactive
D341,Vikram,Delhi,Sedan,4.9,Active
D342,Vikram,Delhi,SUV,4.7,Active
D343,Priya,Mumbai,Hatchback,4.2,Active
D344,Priya,Mumbai,Sedan,4.3,Active
D345,Karan,Bangalore,Sedan,3.7,Active
D346,Suresh,Bangalore,Sedan,4.5,Active
D347,Anjali,Bangalore,Sedan,3.9,Active
D348,Priya,Mumbai,Sedan,4.3,Active
D349,Ravi,Delhi,SUV,3.1,Active
D350,Amit,Delhi,Sedan,3.4,Active
